id,name,type,difficulty,nodes
23455368,Pendant,downhill,novice,2500716539|2500716518|332361623|4552462463|332361231|8532280511|4618508369|2500717313
23455376,Gouilles,downhill,easy,332361477|2160274967|8524561324|8524561323|332361273|332361669|332361313|332361528|332361727|332361927|8532250299|8532250300|2500717264|2500716600|2500716567|8532250311|345656108|8532250314|8532250305|8524561322|8532206601|8532250306|332361292|8532250304|8532250303|332361918|345656121|345656123
26570489,Vieille,downhill,easy,6359384123|291334651|291334652|291334706|291334646|291334648|6359384124|6325883671|291334662|291334666|6359384120|9506333785|9506333786|9506333790|9506333789|9506333788|9506333787|9506333784|332361851
29357317,Malice,downhill,easy,322918376|322916554|322916555|2698584869|332361428|332361593|2160274951|332361786|2698584871|332361164|332361563|332361739|2698584865|332361921|332361334
29357319,Chamois,downhill,intermediate,322916558|322916574|8532201006|2698678996|2698679002|322916576|2698679005|2160292593|2698678998|1633445541|8532201008|322916577|2698678992|345679177
29357506,Perce-neige,downhill,easy,322918375|2160274941|322918374|2698584861|322918373|322918378|2160274947|2160274949|322916555|2049397005|2698584879|322916556|2049396991|322916557|322916558|322916559|2698679020|2698679033|2698679035|6722952364|2698679043
29357783,Corbalanche,downhill,advanced,4407183678|8524561328|9506333722|9385509033|10091766885|4618660720|4618660721|4535730439|4618660725|4618660724|4535730438|4535730437|4618660726|322920175|4535730436|322920176|2698584853|4618660727|2160274937|4618660728|4403807255|332361475
29357785,Cupoire,downhill,intermediate,322916573|2160292589|345832591|345832593|9449700989|9449700990|9449700991|1564398969|9449700992|9449700993|1564398981|9449700994|9449700995|1564398979|2160292604|2112494737|9449715734|1564398977|1564398971|1564398973|1564398975|322920186
30160801,L'Arête,downhill,easy,1564413381|332361202|1564413384|332361410|332361597|332361787|332361354|332361744|1633445543|332361902|332361327|2160274971|332361501|10083799666|6366188857|6366188856|332361863|332361283|2160274976
30160802,Silice,downhill,easy,669205009|1633445539|322916543|332361334|2698584863|6722962981|332361705
30160803,Serpentine,downhill,intermediate,332361900|332361540|332361506|364832604
30160804,Stade,downhill,intermediate,2500716802|8524561275|8524561277|332361654|332361251|2500716849|8524540988|8524540989|2500716565|2500717210
30160810,Biollaire,downhill,easy,332361464|332361652|2160292608|332361606|2160292606|332361549|332361745|332361905|332361329|332361502|332361697|332361278|332361634|332361849|332361463|332361635|332361160|332361422|332361874|332361275|332361516|2112494737|1564398982|332361433|9054609419|332361180|332361392|332361609|332361802|2114019133
30160811,raccord TC,downhill,novice,332361706|332361447|332361168|3784952678|618659961
30160813,Timalets,downhill,intermediate,332361481|332361674|2499996678|332361838|332361793|332361925|332361611|1564291905|345839895|345839896|332361706|1564291913
30160815,Grenat,downhill,easy,332361214|2112421793|2112421806|2112421802|2112421804|2112421798|2160274929|2112421796|2112421794|2160274931|2112421789|2112421787|2112421782|2112421778|2112421811|2160274933|2112421807|2112421784
30160816,Oratoire,downhill,easy,2500717168|9218003993|9505529140|8524541000|9505529139|9505529138|6312577605|2698585525|9505529141|8532280513|332361231|8532280512|332361694|332361871|332361268|332361556|332361735|332361920|332361321|2500716829|2500717189|2500716604|2500717335|8524561266|2500716367
30160817,Blanchot,downhill,easy,332361181|332361400|332361566|2046241167|332361847|332361245|332361441|332361616|7572195883|1633445537|6333732853|332361895|10539084846|332361294|332361491|2046241179|6723071677|2046241184|10539084857|332361939|2046241193|332361358|2046241191|10539084858|332361550|332361717|2812723335|332361882|9417832577
30160820,Sairon,downhill,easy,2114019141|9506333779|2160274976|6325887491|332361402|332361733|332361945|332361326|332361542|332361276|6323428404|332361490|332361842|291334666|6359384121|291334658|291334661|2499763950|291334538|291334534|2499764149|291334531|291334537|2499763799|291334533|291334530|291334664|291334532|291334529|291334525|291334522|8553383615|291334528|291334524|291334521|291334523|8553383616|8553383629|291334555|8553383630|291334553|8553383631|8553383632|291334527|291334557|291334549|291334548|291334539|291334550|8553383643|8553383642|291334541|291334540|8553383641|291334560|8553383640|291334546|2499764156|8553383639|291335019|8553383638|291335028|291335031|8553383637|332361260|332361438|8553383614|332361629|332361796|332361185|332361423|332361572|332361782|332361349|332361564|332361714|332361923|9449551390|332361295|8553383591|10697929998|10697929997|8553383602|8553383603|332361872|2114019149
30160821,Labérieu,downhill,easy,9449551385|2499763959|2499763977|6363588532|2499763835|9459222831|2088627676|2088627698|2088627696|2088627695|2088627693|2088627692|2088627689|9470150186|9470150184|9470150185|9470150183|9470150182|2088627688|3373344979|9470150179|9470150180|9470150178|9470150181|9220647483
30160824,Cascades,downhill,easy,332361625|332361624|332361815|332361183|332361399|332361571|332361356|332361547|9470810290|332361720|332361903|332361309|332361495|332361673|332361859|332361265|332361452|332361620|332361812|332361199|332361420|332361588|332361781|332361161|332361746|332361924|9470810292|332361331|2088408293|332361524|332361713|332361896|332361296|332361493|332361663|332361857|332361250|332361449|332361608|332361795|332361176|332361396|332361938|332361343|332361539|332361712|332361893|332361312|332361476|332361668|332361843|332361261|332361439|332361628|332361832|2500636074|332361194|332361408|332361600|332361789|332361553|332361756|332361914|332361320|332361538|332361675|332361888|6739850921|332361270|2500636171|332361486|332361639|2500636411|2500636453|332361852|332361237|332361407|332361598|332361775|332361173|332361732|332361933|332361324|332361535|8532007321|332361677|8532007322|332361889|332361272|332361484|2039587247|332361632|8532007323|8532007324|332361846|332361210|332361468|2500512735|2500512728|332361827|2500636101
30160825,Verosse,downhill,easy,332361477|2160274967|2698584961|2698584963|2698584974|332361471|10538957617|345656102|345656103|345656109|345656118|8532250312|345656108|8532250313|8532250302|2500716541|8532250301|2698585085|2088627652|254019232|2500716371|2698679275|2500717141|2698679279|2698585144|345656088|1633445555|2698585147|1633445557|2698585149|2698585150|1633445559|1633445561|345656089|2698679296|1633445563|2698679300|2500716761|345656090|2698679304|1633445568|1633445572|1633445573|9521938868|2698589337|9521938869|2698589338|2698589339|2698589340|2698589341|2500717162
30160827,Plein Soleil,downhill,easy,332361488|476722674|9422186350|332361443|332361853|332361263|3240468461|9449715748|1564328371|10539084893|6333732858|332361507
30161206,Dahu,downhill,easy,6722952364|332366668|332366669|332366670|2698679046|332366671|2698584931|2698584937|2500716720|2698679067|332366672|2698584948|332366673|2500716302|2698679078|2698584954|332366677|2500716618|2698679072|2500717005|9917257022|2500716235|2698584944|2160274955|2698679065|2500716248|2698679062|2500717294|2160274957|332366676|332361273|345656229|1633445542|8532250298|345656235|2698584968|345656238|345656243|2698584986|345656246|1633445544|2698585002|345656249|8532250297|345656253|8532250296|8532250295|2500717305|8532250294|1633445549|345656259|345656263|345656267|2500716256|345656272|8532250290|8532250293|8532250291|8532250292|2500716884|8524594028|2698585044|345656279|345656284|8524594027|8524594026|345656288|8524594025|345656121|345656125|8524594024|345656127|2500716587|8524594023|345656131|345656133|2500717265|345656136|2500717203|345656141|2088627654|2698588073|2500716736|2698585158|1633445566|2698588081|2698588083|1633445570|2698588084|2698588086|2698588088|1633445571|9521938883|9521938872|9521938871|9521938884|9521938870|332361182|9521938885|2500716434|9521938886|9521938887|2500716308|9521938891|9521938892|2698585202|9521938890|9521938889|9521938888|2500717162|254019253|11007947530|2500717273|11007947531|345834929|9385509032|254019185|11007947532|2698585288|11007947533|11007947534|2698585249|11007947535|11007947536|2160274978
30161210,Bergin,downhill,intermediate,291334820|10083643834|332366706|332366707|332366708|332366709|332366710
30610381,Sortilège,downhill,intermediate,332361705|2160274934|332361458
30700952,Arolle,downhill,novice,332361458|2043008780|370135378|345679179|345679181|339509671|370135349|339509675|2698678306|370135351|2698678297|370135373|2698678292|370135354|2160274920|370135370|370135356|2698678303|370135364|2160274916|2698678284|370135358|2043022281|2043022279|370135361|339509677|2698678054|9503661485|364822878
30700957,Diamant noir,downhill,advanced,656952228|339509722|339509724|370157232|9500428247|370157236
30700961,Belzébuth,downhill,intermediate,339509733|339509736|339509737|253911327
30700965,Faust,downhill,intermediate,332361643|370157169|4095919956|370157185|4095919957|4095919958|370157180|339509757|339509759|4095919960|339509760|339509764|339509768|339509770|340529881|340529883|700829981|340529888|364832528|340529893|364832531|364832557|7876758040|340529895|364832534|2112520300|340529931|7876784592|340529897
30700968,Tanzanite,downhill,easy,339509685|9503660673|9503660674|9503660675|2243069201|370157199|2040613296|340529876|370157193|339509778|340529881|339509780|7876691574|339509774
30700970,Almandine,downhill,intermediate,339509760|339509782|7876720322|339509784|339509785|9500428248|370157236
30700973,,downhill,novice,332361163|2038204880|9500834882|2112386231
30700974,,downhill,novice,339509810|10693866273|339509815
30791205,Bélial,downhill,intermediate,339509693|370157456|340511844|340511845|340511846|340511847|340511849|340511852|340511854|340511856|340511858|9385433139|339509688
30791206,Cornaline,downhill,easy,253367160|2088391180|2088391181|2088391183|2088391177|2088391178|2088391176
30791207,Aujon,downhill,easy,339509688|9385433142|7876774046|700829960|340511869|340511871|7876774047|340511873|7876774048|7876784523|340511875|7876784525|340511877|2039563612|2039563622|340511879|340511882|340511867
30791209,Célestine,downhill,intermediate,253367171|340511884|340511886|340511888|7876774036|7876774035|340511891|7876774034|340511893|7876774032|7876774033|7876774021|340511895|7876774031|340511898|2039563645|340511900|7876774067|7876774066|7876774065|340511902|7876774061|7876774064|7876774062|7876774063|7876774060|340511904|7876774059|340511906|340511909|1554858595|340511912|7876774058|7876774057|6726054386|9385433145|9385433148|700829967
30791210,,downhill,novice,339509815|6699988465|6699988466|6699988467|6699988468|6699988469|339509828|6699988470|2112386236|6699988464|6767686576|6699988463|6699988462|6699988461|6699988459|6699988460|2112386228|6699988458|7528523538|6699988457|2112386229|6699988456|6699988455|6699988454|6699988453|6699988452|6699988451|6699988450|6699988449|6699988448|6699988447|6699988446|6699988444|6699988445|364832534|6699988442|6699988443|6699988441|6699988440|6699988439|6699988438|6699988437|6699988436|2112386225|6699988435|6699988434|6699988433|6699988432|7876783782|6699988431|6699988430|6699988429|6699988423
30791212,Bissac,downhill,novice,700829974|2038204913|10693866274|332361163|2112386230|2112386234
30791213,Baudroie,downhill,easy,332361699|2160298621|332361907|345836167|332361332|345836169|2112386222|332361748|2112386235|332361163
30791521,Traversée Diamant Noir,connection,easy,253911324|6745949233|700829956|253911325
30791523,Diablotin,downhill,intermediate,340529842|340529857|340529859|340529861|340529863|340529865|7876697577|7876697576|340529867|1554858593|700829964|7876796044|7876796045|700829969|1554854102|1554854046|2243069207|700829966
30791525,Pin,downhill,novice,700829969|7876795992|1554858592|2039559418|7876795991|1554858598|339509804|2038681365|340529897|9503660661|9417702878|339509845
30791526,Érable,downhill,novice,339509845|9417702869|2039564449|9385433147|700829968|700829967
30791527,Émeraude,downhill,easy,339509770|2040614088|339509772|7876691575|339509774|7876720320|339509776|6288499820|253911327|2112494732
30791528,Iolite,downhill,easy,340529876|370157228|2243069203|340529878|2243069202|370157223|2243069200|340529879|2243069199|2243069198|370157218|2243069197|2243069195|2243069194|2243069193|2243069192|370157213|2243069190|370157236|253911289
30791529,Jonction,downhill,easy,339509733|4095922933|7876700443|7876700442|7876700441|4095922934|339509734|4095922935|364832491
30791531,Serpentine,downhill,easy,364832604|2112494745|364832491|332361437|332361281|332361691|656952235|332361218|700830000|364832540|4011337070|332361213|2112421774|700829996|700829989|332361797|2112386219|2112386235|2112386234
30791535,,downhill,intermediate,2112520301|6699988482|6699988483|6699988484|6700012185|2499953365|6700012186|6700012187|6700012188|6700012189|6700012190|339509835|6700012191|6700012192|6700012193|6700012194|2499954339|6700012195|6700012196|6700012197|6700012198|339509837|6700012199|6700012200|6700012201|6700012202|6700012203|6700012204|2112520304|339509838|6699863166|6699863167|6699863168|6699863169|2499953569|6699863170|6699863171|6699863172|339509840|6699863173|6699863174|2499953939|6699863175|6699863176|6699863177|339509843|339509845
31103093,Château,connection,novice,1403213309|2500716520
31103100,Silice,downhill,easy,322916543|322916544|345656144|345656147|332361248
31104629,Portet,downhill,easy,345679179|7876788377|345679192|345679193|2160274928|345832638|10539049889|5355348053|10539049890|345679200|345679201|7572320709|10539049891|345679202|345832626|345679203|345679205|345679206|345832623
31104630,Rhodos,downhill,intermediate,332361219|345679219|345679220|345679221
31104631,Zorta,downhill,intermediate,345679227|345679228|345679229|345679231|345679235|345679232|2114019137
31105058,La Forestière,downhill,easy,9919991434|9919991449|332366686|2504774037|332366688|332366690|332366692|9919991433|332366693|1564369569|7418597117|1564369567|2504773875|3784953268|1564369566|7418597118|1564369572|7418597119|3784953296|7418597120|7418597121|3784953319|1564369602|3784953315|3784953303|7418597122|2504774419|7418597123|2504774056|7418597124|1564369574|7418597145|7418597125|1564369597|3784953312
31106217,Minos,downhill,intermediate,253911290|370157505|345704289|345704291|2243069185|345704293|345704295|345704297|345704304|700829980|345704320|345704324|345704329|7876697580|253911292
31116674,Oasis,platters,,9417832577|10308922923|10308922922|10308922921|10308922920|10308922919|10308922918|345832589
31116676,Darbon,downhill,easy,345832589|10308922912|345832605|9449652441|10308922913|345832602|10308907961|10308922914|9449549908|345832601|6366181710|345832599
31117148,Grand Chaudron,downhill,intermediate,345836157|8741672337|345836158|700830001|700830003|2160298629|700830004|700830005|700830006|700830007|700830008
31145519,Aigle noir,downhill,advanced,1633445539|2698584877|322916545|8524561326|8532200998|2698584881|8532200999|2088627655
32450479,Malachite,downhill,novice,364827464|4011324228|4011324222|364827470|364827474|4011324227|364827472
32450481,Aigue Marine,downhill,easy,364827478|364827481|364827485|364827486|364827488|2499954228|364827491|2499954196|2499953997|2499954479|2499953632|2499953563|364827493
32451299,Lucifer,downhill,intermediate,2088582397|9503661469|364832480|656952241|339509742
32451303,Topaze,downhill,intermediate,339509774|364832502|364832514|364832521|340529888
32451305,,downhill,novice,340529897|700829966|7876784590|2039564433|9503660667|9503660666|9503660665|9503660664|9503660663|9503660668|9503660662|339509682
32451311,Turquoise,downhill,easy,332361213|700829991|364832551|700829983|7876758041|10777614647|10777614646|364832554|364832557
32451313,Zéolite,downhill,easy,332361900|370156995|2039574940|2039574892|364832560|370157002|370157004|370157046|370157049|370157052|370157054|370157061|364832563|2039574911|370157064|364832567|370157070|370157075|364832571|364832574|364832577|364832583|364832587|364832591|364832593|364832598|364832604
32451314,La Peuf,downhill,easy,253911334|9385433153|2088408292|7714161345|2088408296|2088408295|9470810291|7736565612|2088408293
32451315,Onyx,downhill,advanced,253911334|9385433155|364832629|370157082|2088582382|2088582390|2088582393|364832638|370157087|370157090|364832642|364832644|364832648|370157096|364832651|253911331
32451316,Jais,downhill,advanced,364832571|6745949204|364832657|370157115|4173216225|364832660|4173216206|4173215579|370157126|4173216217|364832662|4173216215|4173216209|370157130|4173216210|4173215573|4173216221|4173216214|370157135|4173216190|370157140|4173215583|4173216207|4173215575|370157146|4173216203|4173216227|364832663|4173216197|4173215584|4173216211|2500512857|2088582385|2500512708|2500512884|2500512851|364832636|2500512687|2500512745|364832638
32858499,Arolle,downhill,novice,370135378|4618660471|370135380
32860927,Agate,downhill,advanced,370157242|9503660655|9503660657|370157247|370157251|370157258|370157262|370157267|370157270|370157289|700829947|2243069172|370157295|370157301|370157305|2243069175|370157309|2243069176|370157325
32860930,Méphisto,downhill,intermediate,253911325|370157477|340529837|340529840|370157447|340529842|370157452|340529844|340529847|340529849|700829959|340529852|340529854|370167648|9385433143|339509688|9385433141|7876697574|7876697575|340529867|7876739827|7876739826|340529870|340529872
32860932,Lapiaz,downhill,intermediate,700829955|345704344|345704356|345704358|345704361|345704365|345704368|345704371
32860937,Traversée Diamant Noir,downhill,easy,253911325|700829955
32860939,Traversée Diamant Noir,downhill,easy,340529929|370157402|370157406|370157408|370157412|370157417|700829976|345704295|370157435|370157442|340529874|7876758048|7876758049|7876758051|7876758050|370157236
32860941,Fred,downhill,intermediate,370157242|9503660655|9503660656|2243069170|700829946|700829944|370157529|700829952|700829951|700829950|700829953|700829948|700829949|700829954|370157325|2243069183|700829955|9503660644|9503660645|9503660646|9503660643|370157379
32861955,Traversée Lapiaz,downhill,easy,339509693|370167641|340529849|9718499032|9718499033|700829959
32861956,Lutin,downhill,intermediate,370167641|370167643|370167646|370167648
32861957,Jade,downhill,intermediate,253911292|2243069205|370167650|340529872|1554858598
39765421,Combe,downhill,easy,332361181|9422186356|476722674|9422186357|476722672|476722669|476722666|345679221|345679223|345679224|3784952751|345679225|476722659|2499763888|476722662|2499763720|476722665|7237394686|9449700996|2160292597|322920182|322920183|2160292599|1564398967|2114019137|322920184|322920186|2114019133|345685361|9919991430|9054602702|9054602701|9054602700|1990412852|9449715736|345685365|345685371|2114019140|1564369595|345685356|1564369565|345685374|1564369542|345685375|3784952717|345685378|345685379|345685382|2424742837
39765422,Plein Soleil,downhill,easy,332361507|332361465|345839893|332361436|9422186354|332361930|7320124275|332361481
48743666,raccord TC,downhill,novice,618659961|618659959
48743667,raccord TC,downhill,novice,618659959|332361811|332361534|332361728|332361934|2424742837
51460500,,downhill,intermediate,370157232|340529874
55792194,Combe de Véret,downhill,advanced,345836158|345836160|345836161|345836163|700830002|8741672357|8741672358|345836152
55792196,Traversée Diamant Noir,downhill,easy,700829955|340529929
55792201,Traversée Lapiaz,downhill,easy,700829959|340529861|7876700301|2039566237|345704371|253911292
55792202,Mélèze,downhill,novice,2112386232|700829988|700829982|1404570853|9500834889|1404570763|9500834882
55792206,Saphir,downhill,easy,700829977|2243069187|700829979|700829980
55792208,Urban'Z,playground; snow_park,novice,9422186371|9500834887|9500834886|9500834885|9500834884|2112386231
55792210,,downhill,easy,700829996|9417702863|364832551|9500834888
97834547,Route des Follys,connection,,9029761382|1132419124|9220647465|9220647466|2406182689|9220647467|9220647468|2406182688|2406182687|9220647469|9220647470|9220647471|9220647472|2406182686|2406182684|9220647473|2406182682|2406182681|2406182679|10588988108|10588988109|9220647474
97852641,Marvel,downhill,novice,2504774122|291334376|2842095612|291334373|2842095611|291334370|291334375|291334380|2842095610|10114577029|2842095609|10089440955|291334377|2842095608|291334374|291334379|2842095607|2842095606|291334368|291334365|2842095605|291334994|1132508767|1132508725|291334395|2842095604|291334367|291334369|2842095603|2842095602|2499763850|291334366|9459222830|291334371|1846987375|291334392|291334391
142516207,Lucifer,downhill,intermediate,370157151|339509738|656952244|339509742|656952245|656952254|656952255|339509744|339509746|339509747|656952230|656952233|339509749|339509751|339509753|253911327
142964924,Figaro,downhill,novice,1564291933|1564291934|1564291939|1564291947|1564291950|1564291945
142964928,Sarbotte,skitour,easy,10539049896|1564291930|1564291928|1564364551|1564291917|1564364550|1564291907|1564291903|1564291900|1564291895|2504128742|1564291877|1564291874|1564291867|1564291865|1564291855|6723402381|1564291840|1564291804|2504128808|2504128835|1564291791|1564291788|2812792169|1564291783|1564291780|2499996571|1564291785|2812792168|1564291794|2812792167|1564291799|2499996585|1564291825|6258899487|1564291831
142967226,pimprenelle,downhill,intermediate,1564328371|1633445536
142973827,Lou Darbes,downhill,easy,1564369564|1564369543|1564369545|1564369565
142973828,Raccord Gron,downhill,easy,332366693|332366695|332366697|9919991431|332366699|345685361|1990412855
142976299,Félire,downhill,advanced,476722669|1564398966|1564398963|1564398960|2504774185|2504773965|9449715737
142976300,Véroce,downhill,advanced,345832593|322920180|9449700998|322920182
142977654,Coin Coin,downhill,novice,322916573|1564413368|9422186366|1564413365|7320074875|1564413363|9422186359|1564413359|9422186364|476722677
142977658,Molliachets,downhill,novice,322916569|322916570|1564413370|2049396978|345679156|322916571|2160292595|322916572
142977659,Paccoty,downhill,intermediate,332361442|6322001347|332361771|332361165|6312576711|332361425|6312576712|332361594|6312576710|1564413427|1564413429|3668750036|332361404|6317505086|6317505087|6317505088|8528223384|6317505089|6317505090|6317505091|6317505092|6317505093|8528223385|6317505094|6317505095|8528223386|6317505096|6323619325|8528223377|6323619324|6323619323|6317505097|6317505098|6323619320|6317505099|8528223389|6323619321|6317505100|6317505101|6323619322|6317505102|6317505103|6317505104|8528223388|6317505105|8528223387|6317505106|6317505107|8532250270|8532250269|8532250268|5074992832
142977660,Raccord Morillon,downhill,easy,322916569|1564413375|332361597
142977661,Coccinnelle,downhill,intermediate,1564413370|2499764104|2160292602|2499764086|332361160
142977662,Les Chars,downhill,easy,2160274976|1564413430|1564413420|1564413422|1564413433|6323428409|10084853820|1564413439|6322001343|1564413453|5074992838|6321985312|5074992839|5074992840|5074992841|5074992842|5074992843|5074992844|5074992845|5074992846|5074992847|5074992848|5074992849|5074992850|5074992851|5074992852|5074992853|5074992854|5074992855|5074992856|5074992857|5236605660|8637118149|8637120965|8637118148|8637118147|5236605664|5074992858|5236605663|6321985310|2337142618|6321985311|5074992859|8532250276|8532250275|8532250269|8532250268|5074992832
150431804,Lac,downhill,intermediate,345656243|1633445545|8532250287|8532250286|8532250285|1633445547|2500716455|2500716486|1633445550|332361918
150431806,,downhill,easy,345656272|8532250289|1633445548|8532250288|1633445546|1633445545
173951847,Marvel,downhill,novice,291334820|291334740|2504774059|10083799664|8019705787|2504773744|2504773766|2504773807|2504774104|6323404967|291334336|8019705780|8019705778|8019705783|8019705781|10539090615|1846987260|10539090616|1846987263|1846987269|1846987273|5089393325|1846987275|1846987279|1846987281|1846987283|1846987285|1846987311|9459222818|1846987288|9459222819|1846987291|1846987313|1846987315|9459222820|1846987321|1846987319|1846987317|9459222821|1846987323|9459222822|1846987325|1846987326|1846987328|1846987330|9459222823|1846987333|1846987341|1846987339|1846987332|9459222824|1846987337|1846987343|1846987345|1846987365|1846987368|1846987373|5089393353|291334403|9459222828|2504773857|5089393397|2504773964|9459222826|9459222825|2504773861|2504773974|2504774114|6323404968|2504774122
193313648,,connection,novice,2038204913|7876783746|2039574930
193362296,,downhill,novice,2038678268|9417702877|2038678271
193436905,,downhill,novice,2038681410|6697058608|2039556433|2039556434|2038678268
193437572,,connection,,6699865022|2039564445
193548605,,downhill,easy,7876780556|2040620700|2040620714|2040620683|2040620697|7876780557|2040620703|2040620716|2040620708|2040620680|2040620704|2040620694|2040620696|2040620688|7876780559|2040620679|7876780558|2040620698|2040620701|7876780560|2040620707|2040620681|2040620713
193997437,,hike,,2045129110|6694343719|2045129127|2045129106|2045129100|2045129092|2045129079|2045129108|2045129145|2045129123|2045129069|2045129065|2045129114|2045129075|2045129137|2045129096|2045129071|2045129141|2045129088|2045129090|2045129128|2045129112|2045129082|2045129104|2045129067|2045129094|2698677800|2045129139|2698677789|2045129073|2698677777|2045129135|2045129086|2045129098|2045129077|2045129125|2045129126|2045129084|2698677769|2045129143|2045129102|2698677807|2045129122|2045129120|2045129124|2698677718|9919954860
196901574,,nordic,easy,2071901318|2071901309|2071901334|2071901340|2071901342|2071901345|2071901347|2071901353|2071901356|2071901358|2071901362|2071901368|2071901380|2071901383|2071901386|2071901389|2071901390|2071901388|2071901382|2071901381|2071901371|2071901360|2071901355|2071901336|2071901312|2071901306|2071901321|2071901315|2071901303|2071901296|2071901289|2071901279|2071901267|2071901266|2504773751
198738239,Lapiaz,downhill,intermediate,253911290|340529926|340529929
198738240,Calcédoine,downhill,easy,253367160|340511860|340511862|2039559482|340511864|2088391176|7876774043|7876774042|7876774041|340511867|253367171
198738241,,downhill,easy,2039565097|2088391182|9385433140|339509688
198738242,rubis,downhill,easy,340511860|2088391179|7876780539|2040620705
198740206,Jaspe,downhill,intermediate,253911334|9385433154|364832606|364832614|364832618|364832620|364832624|364832571
198760284,Belzébuth,downhill,easy,332361412|2088582353|9503661470|2088582397|9503661469|2088582357|2088582360|364832485
198760285,Belzébuth,downhill,easy,332361412|2039574958|364832485|4095922928|339509730|339509731|7876700438|4095922929|4095922930|4095922931|7876700439|4095922932|339509733
198765183,Doina,downhill,easy,2088627676|9459222848|2088627678|2499763848|2088627680|2499763779|2088627659|2499763998|9459222847|2088627661|2499763708|2499764070|2088627663|2499764139|2088627665|6366220731|9459222846|9459222845|1132460807|6366220729|6366220732|2088627667|9459222836|6366220733|6366220734|9459222835|2088627700|6366220735|6366220728|9459222833|6366220736|9459222832|9506333845|332361589
198765184,parements,downhill,intermediate,2088627655|8550512370|2088627656|8550512369|2698584940|2088627657|6312576713|2088627645|2698584970|2088627646|2698584984|2088627703|8550512372|2500716226|2088627701|2500717224|2500717321|2698585022|2500717305
198765186,,downhill,easy,2088627652|332361779|2088627654
201281722,Aventurine,downhill,intermediate,332361645|2160298622|2112386221|2112386222
201286382,Dolomie,downhill,easy,253911320|9503661475|370137882|332361214|656952257|332361277|332361494|700830009|332361695|2112421784|332361351|332361256|332361458
201286383,Cristal,downhill,easy,332361900|332361719|2112421776|4095919982|7876700440|339509734|364832497|2112494732|6288499817|332361218
201286384,Marmottes,downhill,easy,1990412857|322916571|345832594|345832607|2698584917|345679166|345679170|345832608|2049398075|345832610|345679175|345832611|345679176|345679177|345832599|2049398066|2049398071|322920179|1633445540|332361703|9449652445|332361882
201293117,Tourmaline,downhill,easy,1990169213|370137882|370137886|8741661157|8741661158|332361567|8741661159|332361198|332361431|2160298630|700830008|8741661160|332361469|8741661161|8741661162|8741661163|8741661164|7876812589|332361877|5857350021|332361293|332361515|5857350792|5857350018|332361715|9470865436|2038204934|8741661168|364827457|8741661167|332361922|8741661166|8741661165|700830002|2698677523|7876803165|332361759|7876803166|7876803167|332361172|7876803139|2160298627|332361409|2160298625|7876803138|2160298628|332361603|2160298626|2160298624|7876700487|2160298623|332361236|7876803140|332361645|7876675877|345836166|7876700495|7876675876|7876700494|370137889|7876675875|332361864|7876803141|332361699|364827458|364827461|9417702860|9417702859|4011324229|364827464
206021496,Chamois,downhill,advanced,345656177|8532201004|2160274953|8532201003|2698584901|8532201001|8532201002|2698584921|8532201000|2500717294
206021499,Perce-neige,downhill,easy,2160274944|9506333739|2160274946|322918373
206021756,Marmottes,downhill,easy,345679166|10539084883|2698584903|2049398071
206021757,Molliachets,downhill,novice,1990412857|322916572|2049396985|322916573|2049396980|9422186368|332361626|332361839|332361257|332361390|332361576|332361790|7320074878|332361219|7320074876|7320074877|9422186362|476722677|332361435|332361488|332361181
206021758,Truffe,downhill,intermediate,1564413370|1564413372|1564413388|332361422
214838306,Almandine,downhill,intermediate,340529874|2243069188|339509789|2243069191|700829977|339509791|2243069204|339509799|2243069206|339509802|339509803|364832534
214838307,Almandine,connection,easy,370157236|9500428245|9500428246|7876758049|7876758048|340529874
214838308,Minos,downhill,intermediate,2243069177|2243069182|2243069184|345704289
214838310,accès Lindars,downhill,easy,700829957|2243069183
242533437,Sarbotte,downhill,intermediate,1564291834|2499996414|6258899458|1564291843|1564291846|1564291857|1564291863|1564291871|1564291890|1564291892|1564291898|1564291905
242533440,Sarbotte,downhill,easy,1564291831|1564291834
242599445,La Pépin,downhill,easy,364832651|2500512759|2088582388|2088582363|2088582395|2500512746|8532007325|2500512762|2500512907|2500512899|2088582378|8532007326|2500636101
242610211,Demoiselles,downhill,novice,345834951|11007947519|11007947518|7237495549|11007947520|2698585537|2500716518|2500716654|2500716682|332361821|4618599862|332361288|4618599861|4618508510|11007947541|345834933|11007947540|9385509031|254019185|11007947539|11007947538|8524561294|11007947537|8524561293|332361419
242610213,Plateau,downhill,intermediate,2500716398|9218003921|9218003920|2500716404|9218003989|8059778037|2500716648|2500716829
242610216,Grand Crêt,downhill,intermediate,2500716829|332361650|332361841|332361240|332361446|332361698|332361944|332361804|332361206|332361467|332361614|332361878|7237425636|332361758|8524540992|332361850|332361509|8524540994|8524540993|332361890|332361750|8528223373|8528223372|2088627672|8528223371|8528223370|8528223369|2500717284|2500716672|2698585722|2500717248|8528223367|8528223368|2500716863|2500717071|2698305529|2500717091|2500716309|2500717281|2500717255|2698585750|2500717274|2500717253|2500717266|2500716573|2500716716|2500716386|2698585772|2500717038|2698585774|2500716262|2500716319|2500716442|2500716447|9220905692|9220905693|332361342|9220905694|9220905695|8524637551|9220905696|9220905630|9220905631|9220905629|9220905628|9220905632|9220905633|9220905627|8524641448|9506333770
242610233,Soleil,downhill,easy,2500716802|2500716837|2698585278|2500716818|2500716504|2500717126|2698585204|2698585200|11007947528|254019204
243034935,Les 7 Frères,downhill,easy,2504774078|2504774081|332366749|332366750|332366751|2504773829|332366753|291334648
243034941,Marvel,downhill,novice,332361464|2499763920|10083794896|10083794897|10083794898|291334712|2504774078|2504773820|2504773722|2504773855|2504773880|2504774106|2504774243|2504774216|291334701|2504774007|2504774332|291334820
243034945,,nordic,,2504773765|2504773900|6339552431|10114577066|2504774384|10114577056|2504774280|6339552432|2504774062|10114577055|2504773991|10114678575|6339552433|2504774048|10114678574|10114678573|2504774323|10083643667|2504773954|2504773957|6339552434|10114577054|10114577053|6339552435|6339552436|2504774236|7165645552|2504773825|6339552437|2504774349|2504774262|6339552438|10114577050|2504774189|2504774031|2504774298|10114577049|10114577048|2504773707|2504773813|3924544471
243034949,Charnia,downhill,easy,2499763979|8553383636|2504774365|8553383635|332366730|8553383634|332366732|8553383633|332366734|332366736|332366738|332366739|332366740|332361782|332366741|9459222829|332366742|332366743|9449551386|2842095603|8553383611|8553383612|332366745|8553383610|332366746|332366747|8553383605|332366748|8553383606|8553383607|1132554443|8553383608|8553383604|8553383609|332366701
264202346,Château,downhill,novice,2698585640|2500717325
264202348,Château,downhill,novice,2500716692|2500716518|2500716520|1133711844|345656082|7237425625|8532280510|2500716941|2698585646|2698585640
264202350,Marmotte,downhill,intermediate,322916558|345656189|345656194|2698584912|345656199|2698584913|345656203|2698584915|345656206|345656210|2698584929|345656214|2698584942|2698584946|332366677|332366680|8681142939|332361471|345834960|332361870|332361671|2698585058|332361511|322916581|2698585083|332361311|2698585088|254019194|2698585098|254019195|254019196|332361910|254019197|332361723|2500716788|2500717238|332361569|254019200|332361555|254019201|332361339|11007947529|2698585188|254019204|2698585198|2698589341
264202354,Marmotte,downhill,intermediate,1633445539|1633445538|345656171|345656177|345656180|345656183|345656186|322916557|9718504063|322916558
264202356,Pendant,downhill,novice,2500717313|2500716333
264202357,Perce-neige,downhill,easy,2698679043|2049396997|10693995336|322916561|2698584938|2698679057|2698679060|322918379|2049396999|2698584952|322916563|2160274965|332361813|322916564|345832596|2049397002|322916565|322916566|2698679070|2698679075|1564413382|2160274961|1564413378|2160274959|1564413381|9417832580|322916569
264202360,Zizi Panpan,downhill,easy,345656123|2698585067|2698585075|2698585079|2698585081|2698585087|2698585090|2698585092|2698585100|2698585102|2698585104|2698585106|2698585117|2698585123|2698585127|2698585129|2698585133|2698585134|2698585131|8532250284|2698585125|2698585119|2698585113|2698585111|2698585115|2698585121|2698585136|2698585138|2698585140|2698585145|2698585146|2698585148|2088627654
264202382,Stade,downhill,novice,2500716565|8524540987|8524540986|2698585303|2698585301|669205011
264202383,Stade,downhill,easy,2698585278|2698585268|254019253|2500716565
264202384,,downhill,novice,2500717168|8524540999|9218003994|9218003995|8524561296|2698585459|2698585453|2698585441|9218003990|2698585439|2698585437|2698585433|2698585435|8524641447|9218003919|2500716404|6312575132|6312577610|6312577609|6312577608|6312577607|6312577606|6312577605|345834951
264202386,,downhill,novice,2698585640|2500717313
264202387,,downhill,novice,254019185|4618599870|8524540983|2698585304|2500716974
264202389,,downhill,easy,2500717294|2500716608|2500717275|2698679081|2500716979|2500717323|2698679098|9917256819|2698584963
264210408,Chamois,downhill,intermediate,1633445541|2698678979|8532201007|4618660481|2698678992
266631237,,hike,,2721627662|2721627690|7409987796|2721627720|7391701499|7391701500|7391701497|2721627722|2721627723|2721627724|2721627725|7418597142|2721627727|2721627732|2721627737|2721627742
290513791,Tremplin de Salvagny,ski_jump,,2940383717|2940383716|8534145134|2940383718|2940383720|8534145133|2940383719|2940383717
315194288,Piste des Cascades,downhill,easy,2039593034|3212936862
315463491,Salvagny,downhill,easy,2088516896|3215803463|3215802355|3215802352|3215803462|3215803470|3215803479|2088516870|3215803511|6412804642|2088516884
315463492,La Combe,downhill,novice,3032253864|3215803478|3215803466|3215802359|3215802356|3215802353|8532007348|3215802351|3215802354|6412804643|3215803475|3215803482|3215803487|345704398
315463495,Feulatiere,downhill,easy,2088516894|3215803468|3215803469|3215803476|6412801856|3215803485|3215803490|6412804629|3215803495|3215803504|3215803511
315463496,Balme,downhill,easy,3215803463|3215803471|3215803474|2088516870
315463497,Fontaine,downhill,novice,3032253865|3215803496|3215803505|3215803510|3215803514|3215803515|3215803512|3032253867
398368105,Opale,downhill,novice,364827478|4011324223|4011324226|4011324216|4011324230|4011324225|2499954367|2499953470|2499954421|10776071410|10776071411|2499954064|10776071412|2499954131|10776071413|2499953516|10693866289|2403658757|2499954288|2499953838|2499953629|2499953332|2499953830|2499953640|2499954286|2499953592|2499953695|2499953430|2499954100|2499953308|2499954085|4011324227
398369739,Quartz,downhill,easy,339509774|4011293324|6288499815|4011337069|4011337070
427982051,Piste des Cascades,downhill,easy,4271389162|2039593080
459387731,Pendant,downhill,novice,4552462463|8532280507|8532280508|8532280509|11007947517|4552462464
467219041,Perce-neige,downhill,easy,4407183678|8524561328|2160274946
520750438,Aouïa,downhill,easy,7237425631|7237425633|7237425635|8532280506|7237425628|8532280505|7237425620|8532280504|8532280503|8532280502|7237425646|7237425642|7237425636|7237425641|7237425634|7237425637|8524540991|7237425624|7237425639|7237425626|8528251007|8528251006|8528251005|8528223374|8528251004|8528251003|8528223375|8528251002|8528251001|8528223376|8528251000|8528250999|8528250998|8528250997|8528250996|8528250995|8528250994|8528250993|8528250992|8528250991|8532250268|5074992832
554973582,,connection,easy,2112421779|5355348036|5355348037|9506326010|5355348038|9506326011|5355348039
671531156,Quartz,downhill,easy,6288499815|6288499816|9503661460|9503661459|9503661445
671531159,Serpentine,downhill,easy,6288499817|6288499818|6288499819|9503661455|9503661454|9503661452|9503661447|9503661453|9503661451|9503661450|9503661449|9503661448|9503661445
671531160,Émeraude,downhill,easy,6288499820|6288499821|6288499822|6288499823|6288499819
674070559,Demoiselles,downhill,novice,2500717252|9218003991|2500717168
674070561,Demoiselles,downhill,easy,2500717168|9505529137|8524540998|9218003992|2500716547|345834951
675061153,Stade,downhill,intermediate,6322001347|6322001346|6322001345|6322001344|6322001343|6322001342|6322001341|6322001340|6322001339|6322001338|2499763709|2499763735|2499764136|6359384120|6359384121
675199498,Marveline,downhill,novice,2504774474|8553383644|2499763979|6323292428|6323292427|6323292426|6323292425|6323292424|6323292423|291334403
675216948,Crête,downhill,intermediate,6322001346|6323428410|6323428409|8553359315|6323428408|6323428407|6323428406|6323428405|6323428404
675489222,Châlet,downhill,easy,6325887491|6325887490|6325887489|6325887488|6325887487|6325887486|6325883684|6325883683|6325883682|6325883681|6325883680|6325883679|6325883678|6325883677|6325883676|6325883675|6325883674|6325883673|6325883672|6325883671
676325910,Lou Darbes,downhill,easy,332361507|5043722664|5043722663|5043722662|5043722661|332366681|332366682|10539078502|332366683|10539078501|9506326008|9506326007|1564364566|9449715737|9919991450|345685331|1562330731|345685333|1562330728|1562330726|345685337|345685341|2504774169|345685346|1564369563|345685351|1564369564
677012591,,nordic,novice,2071901449|3924544658|2071901451|2071901450
677012592,,nordic,novice,2071901385|2504774381|2504774156
677012593,,nordic,easy,2504774156|8014038875|2504774197|2504773864|2504774455|2071901318
677012595,,nordic,novice,2504774156|2071901375
677012596,,nordic,easy,2071901200|2504774224|2504773830|2504773851|2504774044|2504774164|2071901252|2504774079|2504774340|2504774363|2504773804|2071901281|2504773951|2504773726|2504774166|2504773977|2071901365|2071901375
677012597,,nordic,novice,2071901375|2071901377|2071901376|2071901373|2071901372|2071901370|2071901369|2071901366|2071901363|2071901364|2071901379|2071901384|2071901392|2071901394|2071901395|2071901396|2071901397|2071901398|2071901410|2071901412|2071901414|2071901421|2071901424|2071901426|2071901430|2071901427|2071901425|2071901423|2071901429|2071901432|2071901442|2071901449
677012598,,nordic,novice,2071901443|2071901440|2071901437|2071901434|2071901435|2071901436|2071901439|2071901441|2071901438|2071901433|2071901431|2071901428|2071901422|2071901420|2071901417|2071901418|2071901419|2071901416|2071901415|2071901413|2071901411|2071901402|2071901399|2071901406|2071901407|2071901405|2071901408|2071901409|2071901404|2071901400|2071901393|2071901391|2071901387|2071901385
677012599,Espace luge,sled,easy,6339518629|6339518628|6339518627|6339518626|6339518625|6339518624|6339518623|6339518622|6339518621|6339518620|6339518629
677013749,,nordic,easy,2071901131|2504774481|2071901111
677013751,,nordic,easy,2071901115|2071901117|2071901119|2071901121|2071901127|2071901137|2071901141|2071901147|2071901153|2071901167|2071901171|2071901169|2071901175|2071901173|2071901179|2071901181|2071901182|2071901186|2071901190|6339518618|2071901200
677016830,,nordic,easy,2071901205|6339547029|6339547024|6339547028|6339547027|6339547026|6339547025|2071901200
677016831,,nordic,easy,2071901259|2071901258|2071901254|2071901250|2071901245|2071901239|2071901235|2071901233|2071901229|2071901227|2071901222|2071901217|2071901211|2071901208|2071901206|2071901205
677016832,,nordic,easy,6339547030|2071901131
677016835,,nordic,easy,2504773751|2504774015|6339547055|2071901259
677016836,,nordic,easy,2071901205|2071901204|2071901202|2071901198|2071901196|2071901188|2071901184|2071901177|2071901159|2071901157|2071901155|2071901151|2071901149|2071901145|2071901143|2071901139|6339547030
679136507,Bergin,downhill,intermediate,332366704|6359384123|6359384122|332366710|332366711|332366713|332366714|332366715|332366716|332366717|332366718|332366719|332366720|8553383617|332366721|8553383618|8553383619|2504773720|8553383620|2504773769|332366724|332366727|8553383621|8553383623|8553383622|332366729|8553383624|8553383625|8553383628|8553383626|8553383627|2499763979|8553383648|2504774364
679601048,,downhill,novice,6363588532|6363588533|6363588534|6363588535|6363588536|6363588545|6363588537
679601049,,downhill,novice,3240449162|6363588538|6363588539|6363588540|6363588546|6363588541|6363588542|6363588543|6363588544|6363588545
679601050,,downhill,novice,6363588546|6363588547|6363588532
679906928,Bardelle,downhill,novice,3240470469|6742504062|6366151939|6742504063|6366151940|6742504061|6742504060|6366151941|7418602056|3240470468
679910539,,downhill,easy,6366188857|6322001347|6366188856
679910540,,connection,easy,291334550|2499763979
684474003,Feulatiere,downhill,easy,6412804629|2088516870
684474004,La Combe,connection,novice,3032253865|3032253864
684474005,,connection,,3032253865|6412804639|6412804640|7873848422|6412804641|6412804642
684474006,La Combe,downhill,novice,6412804643|6412804645
712075149,La Forestière,downhill,easy,3784953312|1564369599|2114019140
712612917,Épicéa,downhill,novice,339509804|2243069207
712612919,Azurite,downhill,intermediate,339509828|2112520303|2112520301
713036660,Marmottes,downhill,easy,6703060322|6703060323
713036661,Marmottes,downhill,easy,6703060323|10539049895|345832618|10539049894|4618660704|2112421779|4618660703|4618660702|8532188409|8532188410|8532188407|8532188411|8532188408|8532188412|4618660701
715306850,Silice,downhill,easy,332361248|332361450|332361617|2698584859|332361809|332361197|2698584857|332361403|6722962982|6722962983|6722962984|6722984885|6722984886|2042994439|332361351
715306857,Portet,downhill,easy,345832623|6722908204
715306858,Portet,downhill,easy,6722908204|1564364558|1564364564|345679207|2160274930|1564364557|2698678504|322913461|2698678490|1564364556|2160274927|2160274924|1564364554|1564364553|2160274922|2160274910|1564364552|345679211|345679216|2160274914|2112421800|2112421786|2112421779|4618660703|4618660702|8532188409|8532188410|8532188407|8532188411|8532188408|8532188412|4618660701
715311708,Marmottes,downhill,easy,332361882|345832613|4618660700|332361284|332361475|345832615|322920177|332361747|1633445535|345832616|6703060322
715315274,Silice,downhill,easy,332361705|6722962980|6722962979|6722962978|332361248
718343858,Cascades,downhill,easy,2500636101|8532007327|6745949091|8532007328|8532007330|8532007329|8532007332|8532007331|6745949092|6745949093|8532007333|8532007335|8532007334|6745949094|6745949095|8532007336|6745949096|6745949097|8532007337|8532007338|6745949098|8532007339|6745949099|6745949100|6745949101|8532007340|8532007341|6745949102|6745949103|8532007342|6745949104|8532007344|8532007343|6745949105|8532007345|6745949106|8532007347|6745949107|8532007346|8532007389|8532007388|6745949108|6745949109|6745949110|9470810298|8532007387|9470810299|6745949111|8532007386|6745949112|6745949113|6745949114|8532007384|6745949115|8532007385|6745949116|8532007383|6745949117|6745949118|6745949119|6745949120|6745949121|6745949122|6745949123|2039593141|8532007382|6745949125|6745949126|6745949127|6745949128|6745949129|8532007381|6745949131|9470810300|6745949132|8532007379|6745949133|6745949134|6745949135|6745949136|8532007378|6745949137|9470810301|6745949138|6745949139|8532007377|8532007376|6745949140|8532007375|8532007374|6745949141|6745949142|8532007373|8532007372|6745949143|8532007371|6745949144|8532007370|6745949145|6745949146|8532007369|8532007368|6745949147|8532007367|6745949148|8532007366|6745949149|8532007365|8532007364|6745949150|8532007363|8532007362|6745949151|8532007361|6745949152|8532007360|6745949153|8532007353|8532007359|8532007354|8532007358|8532007355|8532007357|8532007356|6745949154|8532007352|8532007351|6745949155|8528403419|8532007350|8528403418|8532007349|6745949156|6745949157|6412804645
718343860,Cascades,downhill,easy,6412804645|8550846999|3215803488|345704398
718343867,Serpentine,downhill,easy,253911291|10694001838|4095919954|4095919955|332361643|370157174|370157177|332361692|4095919959|6745949220|6745949219|370157151|370157159|332361412|332361625|370156988|332361900
759407692,Aigle noir,downhill,advanced,2088627655|8550512371|322916548|322916549|345656229
767456161,L'Artoche,nordic,intermediate,7166473375|7165645541|7165645540|10116228845|10114678590|7165645537|7165645536|7165645535|7165645534|7165645533|7165645532|7165645531|7165645530|7165645529|7165645528|7165645527|7165645526|7165645525|7165645524|7165645523|7165645522|7165645521|7369876686|7165645520|7165645519|7165645518|7165645517|7165645516|7165645515|7165645514|7165645513|7165645512|7165645511|7165645510|7165645509|7165645508|7165645507|7165645506|7165645505|7165645504|7165645503|7165645502|7165645501|7165645500|7165645499|7165645498|7165645497|7165645496|7165645495|7165645494|7165645493|7165645492|7165645491|7165645490|7165645489|7165645488|7165645487|7165645486|7165645485|7165602384|7165602383|7165602382|7165602381|7165602380|7165602379|7165602378|7165602377|7165602376|7165602375|7165602374|7165602373|7165602372|7165602371|7165602370|7165602369|7165602368|7165602367|7165602366|7165602365|7165602364|7165602363|7165602362|7165602361|7165602360|7165602359|7165602358|7165602357|7165602356|7165602355|7165602354|7165602353|7165602352|7165602351|7165602350|7165602349|7165602348|6339547054|6339547053|6339547052|6339547051|6339547050|6339547049|6339547048|6339547047|6339547046|6339547045|6339547044|6339547043|6339547042|6339547041|6339547040|6339547039|6339547038|6339547037|6339547036|6339547035|6339547034|6339547033|6339547032|6339547031|6339547030
767459225,Le Pornet,nordic,novice,7165644597|7165644598|7165644599|7165644600|7165644601|7165644602|7165644603|7165644604|7165644605|7165644606|7165644607|7165644608|7165644609|7165644610|7165644611|7165644612|7165644613|7165644614|7165644615|7165644616|7165644617|7165644618|7165644619|7165644620|7165644621|7165644622|7165644623|7165644624|7165644625|7165644626|7165644627|7165644628|7165644629|7165644630|7165644631|7165644632|7165644633|7165644634|7165644635|7165644636|7165644637|7165644597
767542178,Tréchard,nordic,advanced,7166473375|10114577064|7166461758|7166461761|7166461762|7166461763|7166461764|7166461765|7166461766|7166461767|7166461768|7166461769|7166461770|7166461771|7166461772|7166461773|7166461774|7166461775|7166461776|7166461777|7166461778|7166461779|7166461780|7166461781|7166461782|7166461783|7166461784|7166473285|7166473286|7166473287|7166473288|7166473289|7166473290|7166473291|7166473292|7166473293|7166473294|7166473295|7166473296|7166473297|7166473298|7166473299|7166473300|7166473301|7166473303|7166473304|7166473305|7166473306|7166473307|7166473308|7166473309|7166473310|7166473311|7166473312|7166473313|7166473314|7166473315|7166473316|7166473317|7166473318|7166473319|7166473321|7166473322|7166473323|7166473325|7166473326|7166473327|7166473328|7166473329|7166473330|7166473331|7166473332|7166473333|7166473334|7166473335|7166473337|7166473338|7166473339|7166473340|7166473341|7166473342|7166473343|7166473344|7166473345|7166473346|7166473347|7166473348|7166473349|7166473350|7166473351|7166473352|7166473354|7166473355|7166473356|7166473357|7166473358|7166473359|7166473360|7166473361|7166473362|7166473363|7166473364|7166473365|7166473366|7166473367|7166473368|7166473369|7166473370|7166473371|2071901115
767542179,,nordic,intermediate,2071901111|7165645560|7165645559|7165645558|7165645557|7165645556|7165645555|7165645554|7165645553|10114577051|10114577052|7165645551|7165645550|7165645549|7165645548|7165645547|7165645546|7165645545|7165645544|7165645543|7165645542|7166473375
775794578,Babuches,downhill,novice,2500716557|345656082|7237425625|8524561260|8524561257|8524561259|7237425645|2500716581
775794580,Lesière,downhill,novice,2500716557|7237425632|7237425623|8524540990|7237425644|7237425631|7237425643|7237425640|7237425622|8524561258|7237425629|7237425619|2500716581
775804503,,downhill,novice,332361610|8524541003|2500716518
783667939,,hike,,2045129114|7319733057|7319733056|7319733055|7319733054|7319733053|7319733052|7319733051|7319733050|7319733049|7319733048|7319733047|7319733046|7319733045|7319733044|7319733043|7319733042|7319733041|7319733040|7319733039|7319733038|2045129077
783676798,,hike,,7319811900|7319811899|7319811898|7319811897|7319811896|7319811895|7319811894|7319811893|7319811892|7319811891|7319811890|7319811889|7319811888|7319811887|7319811886|7319811885|7319732484|7319732483|7319732482|7319732481|7319732480|6258899441
783713267,,hike;skitour,,7320124196|7320124185|7320074884|7320074883|7320074882|7320074881|7320074880|7320074879|332361181
783713269,,downhill,easy,7320124201|7320124200|7320124199|7320124198|7320124197|7320124196
783713271,,downhill,easy,7320124201|7320124202|7320124203|7320124204|7320124205|7320124206|7320124207|7320124208|7320124209
783713272,,hike;skitour,,7320124269|7320124268|7320124267|7320124266|7320124265|7320124264|7320124263|7320124262|7320124261|7320124260|7320124259|7320124258|7320124257|7320124256|7320124255|7320124254|7320124253|7320124252|7320124251|7320124250|7320124249|7320124248|7320124247|7320124246|7320124245|7320124244|7320124243|7320124242|7320124241
783713275,,hike;skitour,,3784952702|7320124323|7320124322|7320124321|7320124320|7320124319|7320124318|7320124317|7320124316|7320124315|7320124314|7320124313|7320124312|7320124311|7320124310|7320124309|7320124308|7320124307|7320124306|7320124305|7320124304|7418602008|7320124303|7320124302|7418602014|7320124287|7320124301|7320124300|7320124299|7320124298|7320124297|7320124296|7320124295|7320124294|7320124293|7320124292|7320124291|7320124290|7320124289|7320124288|7443404492|7443404499
795811673,,hike,,2721627671|2721627682|2721627686
795811679,,downhill,easy,3784953312|7418597144|3784953311|3784953310|3784953304|3784953299|3784953298|7418597143|3784953302|3784953306|3784953308|1564369595
828772736,,connection,,7736553735|7736553738|7736553736
828772737,,connection,,7736553736|7736553737
828772738,,connection,,7736553738|7736553739|7736553740
828772739,,connection,,7736553740|7736553741
828925194,Méphisto supérieure,downhill,intermediate,7736553735|9385433136|340529899|700829958|340529901|10694001847|340529905|340529907|340529909|340529911|2243069171|340529914|2243069173|2243069174|340529916|2243069177|340529919|340529922|700829957|340529924|340529926
828925195,Serpentine,connection,easy,7736553735|253911291
844412152,,downhill,easy,2040620705|2040620702|2040620695|7876780540|2040620706|7876780541|2040620693|2040620682|7876780542|7876780543|2040620699|7876780544|2040620689|7876780545|2040620690|7876780546|2040620677|7876780547|2040620709|7876780548|2040620678|7876780549|2040620691|7876780551|7876780550|2040620687|7876780552|7876780553|2040620686|7876780554|2040620685|2040620684|2040620715|7876780555|2040620711|7876780556
844412153,,downhill,easy,2040620713|2040620712|2040620692|2040620710|2039565097
844412936,,connection,novice,2039574930|2038204880|7876700588|2038204897
844412937,,connection,novice,2039574930|7876783748|339509815
891066745,Chemin de la Cuttaz,connection,,291331439|9220647484|9220647483|1132419077|9220647482|9220647481|1132419043|9220647480|9220647479|9220647478|9220647477|9220647476|9220647475|9220647474
917821225,Malice,downhill,easy,322916543|9917257025|8524561330|322916554
917830016,,downhill,novice,332361457|8524641447
918712038,Aiglon,downhill,,345656229|1633445547
936911637,Corne,downhill,intermediate,2698584974|8681142939|8681142940|8681142941|8681142942|10693995340|8681142943|8681142944|8681142945|8681142946
936911638,Corne,downhill,intermediate,8681142946|8528223383|6317505119|8528223382|8528223381|6317505120|8528223380|6317505121|8528223379|8528223378|6317505122|6323619324
947838918,,downhill,novice,6699988423|2112386227|6699988424|6699988425|6699988422|6699988421|339509804
1013720802,,downhill,novice,9352659480|518662162|9352659481|518662161|9352659482|9352659483|9352659484|9352659485|9352659486|9352659487|518662164|9352659480
1017538610,,connection,,7736553737|9385433137|7736553741
1017538611,,connection,,2112395758|9503660692|9503660688|9385433137
1017538612,,connection,easy,3240481205|253911291
1017538613,Fred,connection,intermediate,370157379|9503660643|9503660646|9503660645|9503660644|700829955|253911325
1017538614,,connection,easy,3240487685|339509688|9385433144
1017538615,,connection,,9385433145|6699865022
1017538616,,downhill,novice,9385433147|9385433146|3240488277
1017538617,,connection,,2039564445|6699865013|6699865015|9385433152
1017538619,,connection,,9383328580|9483642946|9385433149|9483642947|2088391184
1017538620,,connection,,9385433152|9385433151|9385433150|9483642949|9483642948|9383328580
1017538621,,connection,easy,364832627|253911334
1017546363,,connection,novice,2698585301|8524540985|8524540984|254019185
1017546364,,downhill,advanced,2160274944|9506333739|9385509033
1017623723,,connection,easy,332361341|9422186355|332361181
1017623724,,connection,,2424742837|9386209096|332361936
1017623725,Labérieu,connection,easy,332361807|8553383593|6363588549|1132554281|8553383600|332361872
1017623726,,downhill,easy,6325883673|9386209097|2504773757
1017623727,,downhill,easy,6359384124|2504773757
1021089951,,downhill,novice,700829973|9417702867
1021089952,,downhill,novice,9417702867|9417702861|3901675729
1021089953,,downhill,novice,3901675733|364827464
1021089954,,connection,novice,339509815|9417702862|6699988428|7876783747|2038204913
1021089956,,downhill,novice,2112386231|339509815
1021089957,,downhill,novice,9417702863|9500834888|2112386232|9422186371
1021089958,,downhill,novice,2112386234|3240491885
1021089959,Bissac,downhill,novice,2112386234|10693866275|3240475004|9417702864|700829973
1021089960,,connection,novice,9417702867|9417702866|9417702865|9503661423|253911321
1021089961,,connection,novice,9417702869|9417702868
1021089962,,downhill,novice,9156297222|2038681410
1021089963,,connection,novice,3901705195|9417702868|9156297223
1021089964,,connection,novice,9385433152|3901705193
1021089965,Route de desserte de Flaine Forum,connection,,9417702874|2038678271
1021089966,,connection,,9417702873|9417702870|339509809
1021089968,,connection,,9417702874|9417702873|9417702872
1021089969,,connection,,9417702877|9417702876|9417702875|2112395756
1021089970,,downhill,novice,339509845|3901705192|2038681410
1021110168,,downhill,easy,2112421775|9417832578
1021110169,,downhill,easy,9417832578|1564413375
1021110170,,downhill,easy,9417832578|9417832579|9417832580
1021597557,Biollaire,downhill,novice,2160274976|332361464
1021597558,,downhill,novice,9422186343|9422186342|2160274976
1021597559,,downhill,easy,3240461795|9422186347|9422186346|9422186345|9422186350
1021597560,,connection,easy,332361507|9422186349|9422186348|1564328367
1021597561,,downhill,easy,9422186357|9422186350
1021597562,,connection,easy,9422186354|9422186353|9422186352|9422186351|3240465839
1021597563,,connection,easy,3240466525|9422186358|9422186357
1021597564,,connection,novice,7320074873|9422186359
1021597565,,connection,novice,476722677|7320074874
1021597566,,connection,novice,3240465840|9422186361|9422186360|332361219
1021597567,,connection,novice,9422186362|3240461967
1021597568,,connection,novice,9422186364|9422186363|3240461967
1021597569,,connection,novice,3240461963|9422186366
1021597570,,connection,novice,3240461963|9422186368
1021598814,,connection,,3240461795|7320124196
1024798733,Labérieu,downhill,easy,1132554281|8553383599|8553383598|6363588550|8553383594|8553383597|8553383595|8553383596|6363588548|9449551384
1024798734,Labérieu,downhill,easy,9449551384|9449551385
1024798735,,downhill,easy,9449551386|9449551387|9449551388|9449551389|9449551390
1024810871,Boardercross,snow_park,easy,9449549908|9449549909|9449549910|9449549911|9449549912|9449549913|9449549914|9449549915|9449549916|9449652417|9449652418|9449652419|9449652420|9449652421|9449652422|9449652423|9449652424|9449652425|9449652426|9449652427|9449652428|9449652429|9449652430|9449652431|9449652432|9449652433|9449652434|9449652435|9449652436|9449652437|9449652438|9449652439|9449652440
1024821159,,downhill,easy,9449700996|9449700997|9449700998|1564398979
1024821160,Boardercross,downhill,intermediate,9449700993|9449700999|9449701000|9449701001|9449701002|9449701003|9449701004|9449701005|9449701006|9449701007|9449701008|9449701009|9449701010|9449701011|9449701012|9449701013|9449701014|9449701015|9449701016|9449715717|9449715718|9449715719|9449715720|9449715721|9449715722|9449715723|9449715724|9449715725|9449715726|9449715727|9449715728|9449715729|9449715730|9449715731|9449715732|9449715733|2112494737
1024821161,La Forestière,downhill,easy,9449715736|1564369602
1024821163,,downhill,easy,7320124209|9449715747|9449715748
1024834569,Espace Luge,sled,novice,9449785466|9449785467|9449785468|9449785469|9449785470|9449785471|9449785466
1027213757,Route des Follys,connection,,9220647474|1132419016|1132419062|8524799252|11022601813|11022601814|1132419098|8524799251|1132419025|8524799250|8524799249|8524799248|1132419071|8524799246|8524799244|8524799245|8524799247|8524799243|1132460981|1132461129|8524799241|8524799242|6366220730|9459222844|1132460807|9459222843|1132461006|1132460908|3720053096|1132461211|1132460895|9459222842|1132461078|9459222841|1132461150|9459222840|9459222839|1132460839|9459222838|1132461027|9459222837|1132461235|10090109817|1132460911|1132461095|10090102116|1132460777|1132460938|1132461143|1132460832|1132461023|1132461179|1132460861|3720053086
1027213758,Labérieu,downhill,easy,9220647483|9470150177|9470150176|9470150175|2088627687|9470150172|9470150171|1846970064
1027213759,Labérieu,hike;skitour,easy,9029761382|9470150173|4323278991|7825219807|9470150174|2088627686|9459222834|9459222833
1027302404,Fontaine,downhill,novice,3215803514|9470810302|9470810303|9470810304|9470810305|9470810306|9470810307|9470810308|9470810309|345704398
1027304319,Ze Funny Slope,snow_park,easy,2160298630|9422186370|9470865420|9470865421|9470865422|9470865423|9470865424|9470865425|9470865426|9470865427|9470865428|9470865429|9470865430|9470865431|9470865432|9470865433|9470865434|9470865435|9470865436
1028669858,Ze SeptiSnake,playground,novice,345656082|9422186340|9483642945|9483642941|9483642944|9483642940|9483642939|9483642943|9483642938|9483642942|7237425625
1028688808,,nordic,novice,2071901450|2071901448|2071901447|2071901446|2071901445|2071901444|2071901443
1028688809,,nordic,novice,2071901449|7165644600
1028688810,,nordic,easy,2071901111|2071901109|2071901113|2071901115
1028688811,Tréchard,nordic,advanced,2071901115|7166473372|7166473373|7166473374|2071901111
1030718230,,downhill,novice,700829983|9500834883|7876758042|9422186371
1031030872,,downhill,novice,9503660662|9385433152
1031030885,Quartz,downhill,easy,9503661445|9503661458|9503661446|9503661457|9503661456|339509696
1031030890,Dolomie,downhill,easy,332361458|4618660470|253911319
1031030891,Arolle,downhill,novice,364822915|9503661480|332361458
1031353256,Écureuil,downhill,easy,2500716398|9505529136|9505529135|9505529134|9505529133|9505529132|9505529131|9505529130|9505529129|9505529128|9505529127|9505529126|9505529125|9505529124|9505529123|9505529122|9505529121|9505529120|9505529119|9505529118|9505529117|9505487116|9505487115|9505487114|9505487113|9505487112|9505487111|9505487110|8524561266
1031459934,,downhill,,9506326008|3240466526
1057670725,Lapiaz,downhill,intermediate,340529929|9718480486|9718480487|700829955
1101953663,,downhill,easy,291334820|291334651
1105301268,,nordic,,3924544471|2504774362|2504773824|2504773806|2504773988|2504773868|2071901111
1126453018,,hike,,2721627686|2721627688|7319994616|2721627662
1127522962,Cool zone de l'Oasis,snow_park,easy,9422186344|10308922910|10308922911|10308922912|10308922913|10308922914|10308922915|10308922916|9449652439|9449652440|9422186344
1127522964,,downhill,advanced,10308922930|10308922931|10308922932|10308922933|10308922934|7392747904|10308922935|10308922936|10308922937|10308922938|10308922939|10308922940|10308922941|10308922942|10308922930
1130864845,,downhill,easy,10538957617|3668749033|3668749038|3668749050|3668749053|3668749075|3668749078
1130874529,,downhill,novice,10539084850|10539084851|7320124186|7320124187|7320124201
1130874531,,snow_park,easy,9449652440|9449652445
1130875185,Pimpernelle,downhill,intermediate,2504773767|10539078501|10539089211|10539078502|10539078503|10539078504|10539078505|10539078506|10539078507|1633445536|10539078508|10539089209|10539089210|2504773767
1130876338,,downhill,novice,10539090619|10539090620|10539090621|10539090622|10539090619
1136398694,,sled,easy,10593630715|10593630716|10593630717|10593630718|10593630719|10593630720|10593630721|10593630722|10593630723|10593630724|10593630725|10593630726|10593630727|10593630728|10593630729|10593630730|10593630715
1149539380,Diamant noir,downhill,advanced,253911291|339509702|339509703|339509705|10694001840|339509719|10694001837
1149539381,Diamant noir,downhill,advanced,10694001837|339509721|2243069186|656952228
1149539382,Amethyste,downhill,intermediate,10694001838|10694001839|10694001840|10694001841|10694001842|10694001843|10694001844|10694001845|10694001846|10694001847
1149540145,Corne,downhill,advanced,10693995336|10693995337|10693995338|10693995339|10693995340
1149541097,,downhill,novice,10693866273|10693866274
1149541098,,downhill,intermediate,10693866275|10693866276|10693866277|10693866278|2112520304
1149541099,,downhill,novice,2038678271|10693866279|10693866280|10693866281|10693866282
1149541100,,downhill,easy,364827493|10693866283|2160298621
1149541101,,downhill,easy,2403658757|10693866284|10693866285|10693866286
1149541102,,downhill,easy,10693866287|4011324224|10693866288|10693866289
1158756465,,hike,,9919954860|2045129118|2045129116|2698677662|2698677645
1158940750,,connection,,2039564449|6699865014|2039564445
